X,Kingdom,Phylum,Class,Order,Family,Genus
ASV_1,Bacteria,Actinobacteriota,Actinobacteria,Micrococcales,Micrococcaceae,Pseudarthrobacter
ASV_2,Bacteria,Firmicutes,Bacilli,Bacillales,Bacillaceae,Bacillus
ASV_3,Bacteria,Firmicutes,Bacilli,Bacillales,Bacillaceae,Bacillus
ASV_4,Bacteria,Firmicutes,Bacilli,Bacillales,Planococcaceae,NA
ASV_5,Bacteria,Firmicutes,Bacilli,Bacillales,Planococcaceae,Jeotgalibacillus
ASV_6,Archaea,Crenarchaeota,Nitrososphaeria,Nitrososphaerales,Nitrososphaeraceae,Candidatus Nitrocosmicus
ASV_7,Bacteria,Firmicutes,Bacilli,Bacillales,Planococcaceae,NA
ASV_8,Bacteria,Firmicutes,Bacilli,Bacillales,Planococcaceae,NA
ASV_9,Bacteria,Firmicutes,Bacilli,Bacillales,Planococcaceae,Paenisporosarcina
ASV_10,Bacteria,Actinobacteriota,Actinobacteria,Frankiales,Geodermatophilaceae,Blastococcus
ASV_11,Bacteria,Firmicutes,Bacilli,Bacillales,Planococcaceae,NA
ASV_12,Bacteria,Chloroflexi,Chloroflexia,Thermomicrobiales,JG30-KF-CM45,NA
ASV_13,Bacteria,Actinobacteriota,Actinobacteria,Micrococcales,Micrococcaceae,Pseudarthrobacter
ASV_14,Bacteria,Firmicutes,Bacilli,Bacillales,Planococcaceae,NA
ASV_15,Bacteria,Firmicutes,Bacilli,Bacillales,Bacillaceae,NA
ASV_16,Bacteria,Actinobacteriota,Actinobacteria,Micrococcales,Micrococcaceae,NA
ASV_17,Bacteria,Firmicutes,Bacilli,Bacillales,Planococcaceae,Psychrobacillus
ASV_18,Bacteria,Firmicutes,Bacilli,Bacillales,Planococcaceae,Solibacillus
ASV_19,Archaea,Crenarchaeota,Nitrososphaeria,Nitrososphaerales,Nitrososphaeraceae,NA
ASV_20,Bacteria,Proteobacteria,Gammaproteobacteria,Burkholderiales,Oxalobacteraceae,Massilia
ASV_21,Bacteria,Proteobacteria,Gammaproteobacteria,Burkholderiales,Oxalobacteraceae,Massilia
ASV_22,Bacteria,Planctomycetota,Planctomycetes,Isosphaerales,Isosphaeraceae,Singulisphaera
ASV_23,Bacteria,Firmicutes,Bacilli,Bacillales,NA,NA
ASV_24,Bacteria,Firmicutes,Bacilli,Bacillales,NA,NA
ASV_25,Bacteria,Proteobacteria,Gammaproteobacteria,Xanthomonadales,Xanthomonadaceae,Lysobacter
ASV_26,Bacteria,Actinobacteriota,Actinobacteria,Micrococcales,Micrococcaceae,Arthrobacter
ASV_27,Bacteria,Proteobacteria,Gammaproteobacteria,Pseudomonadales,Moraxellaceae,Acinetobacter
ASV_28,Bacteria,Actinobacteriota,Actinobacteria,Micrococcales,Micrococcaceae,Paenarthrobacter
ASV_29,Bacteria,Actinobacteriota,Thermoleophilia,Solirubrobacterales,Solirubrobacteraceae,Solirubrobacter
ASV_30,Bacteria,Myxococcota,Myxococcia,Myxococcales,Myxococcaceae,Archangium
ASV_31,Bacteria,Proteobacteria,Gammaproteobacteria,Pseudomonadales,Pseudomonadaceae,Pseudomonas
ASV_32,Bacteria,Actinobacteriota,Actinobacteria,Propionibacteriales,Nocardioidaceae,Marmoricola
ASV_33,Bacteria,Proteobacteria,Gammaproteobacteria,Xanthomonadales,Xanthomonadaceae,Lysobacter
ASV_34,Bacteria,Firmicutes,Bacilli,Bacillales,Bacillaceae,Bacillus
ASV_35,Bacteria,Acidobacteriota,Blastocatellia,Pyrinomonadales,Pyrinomonadaceae,RB41
ASV_36,Bacteria,Firmicutes,Bacilli,Bacillales,Bacillaceae,Anaerobacillus
ASV_37,Archaea,Crenarchaeota,Nitrososphaeria,Nitrososphaerales,Nitrososphaeraceae,NA
ASV_38,Bacteria,Proteobacteria,Gammaproteobacteria,Xanthomonadales,Xanthomonadaceae,Stenotrophomonas
ASV_39,Archaea,Crenarchaeota,Nitrososphaeria,Nitrososphaerales,Nitrososphaeraceae,NA
ASV_40,Bacteria,Proteobacteria,Alphaproteobacteria,Rhizobiales,Beijerinckiaceae,Microvirga
ASV_41,Bacteria,Acidobacteriota,Vicinamibacteria,Vicinamibacterales,Vicinamibacteraceae,NA
ASV_42,Bacteria,Proteobacteria,Gammaproteobacteria,Steroidobacterales,Steroidobacteraceae,Steroidobacter
ASV_43,Bacteria,Verrucomicrobiota,Verrucomicrobiae,Chthoniobacterales,Chthoniobacteraceae,Candidatus Udaeobacter
ASV_44,Bacteria,Proteobacteria,Alphaproteobacteria,Rhizobiales,Xanthobacteraceae,Bradyrhizobium
ASV_45,Bacteria,Actinobacteriota,Thermoleophilia,Solirubrobacterales,Solirubrobacteraceae,Solirubrobacter
ASV_46,Bacteria,Firmicutes,Bacilli,Bacillales,Planococcaceae,Domibacillus
ASV_47,Bacteria,Firmicutes,Bacilli,Alicyclobacillales,Alicyclobacillaceae,Tumebacillus
ASV_48,Bacteria,Planctomycetota,Planctomycetes,Pirellulales,Pirellulaceae,NA
ASV_49,Bacteria,Proteobacteria,Gammaproteobacteria,Pseudomonadales,Pseudomonadaceae,Pseudomonas
ASV_50,Bacteria,Myxococcota,Polyangia,Haliangiales,Haliangiaceae,Haliangium
ASV_51,Bacteria,Actinobacteriota,Actinobacteria,Propionibacteriales,Nocardioidaceae,Nocardioides
ASV_52,Bacteria,Firmicutes,Bacilli,Bacillales,Planococcaceae,Domibacillus
ASV_53,Bacteria,Firmicutes,Bacilli,Bacillales,Bacillaceae,Bacillus
ASV_54,Bacteria,Proteobacteria,Alphaproteobacteria,Reyranellales,Reyranellaceae,Reyranella
ASV_55,Bacteria,Firmicutes,Bacilli,Alicyclobacillales,Alicyclobacillaceae,Effusibacillus
ASV_56,Bacteria,Proteobacteria,Alphaproteobacteria,Sphingomonadales,Sphingomonadaceae,Ellin6055
ASV_57,Bacteria,Proteobacteria,Gammaproteobacteria,Burkholderiales,Comamonadaceae,Piscinibacter
ASV_58,Bacteria,Proteobacteria,Gammaproteobacteria,Xanthomonadales,Xanthomonadaceae,Lysobacter
ASV_59,Bacteria,Actinobacteriota,Actinobacteria,Propionibacteriales,Nocardioidaceae,Nocardioides
ASV_60,Bacteria,Gemmatimonadota,Gemmatimonadetes,Gemmatimonadales,Gemmatimonadaceae,NA
ASV_61,Bacteria,Bacteroidota,Bacteroidia,Cytophagales,Hymenobacteraceae,Adhaeribacter
ASV_62,Bacteria,Proteobacteria,Gammaproteobacteria,Pseudomonadales,Pseudomonadaceae,Pseudomonas
ASV_63,Bacteria,Actinobacteriota,Actinobacteria,Pseudonocardiales,Pseudonocardiaceae,Pseudonocardia
ASV_64,Bacteria,Firmicutes,Bacilli,Bacillales,Planococcaceae,Psychrobacillus
ASV_65,Bacteria,Planctomycetota,Planctomycetes,Gemmatales,Gemmataceae,Gemmata
ASV_66,Bacteria,Actinobacteriota,Actinobacteria,Micrococcales,Microbacteriaceae,Mycetocola
ASV_67,Bacteria,Firmicutes,Bacilli,Bacillales,Bacillaceae,Bacillus
ASV_68,Bacteria,Actinobacteriota,Actinobacteria,Propionibacteriales,Nocardioidaceae,Aeromicrobium
ASV_69,Bacteria,Proteobacteria,Alphaproteobacteria,Rhodobacterales,Rhodobacteraceae,NA
ASV_70,Bacteria,Firmicutes,Bacilli,Alicyclobacillales,Alicyclobacillaceae,Tumebacillus
ASV_71,Bacteria,Proteobacteria,Alphaproteobacteria,Azospirillales,Azospirillaceae,Skermanella
ASV_72,Bacteria,Proteobacteria,Gammaproteobacteria,Xanthomonadales,Xanthomonadaceae,Lysobacter
ASV_73,Bacteria,Actinobacteriota,Actinobacteria,Micrococcales,Micrococcaceae,Kocuria
ASV_74,Bacteria,Bacteroidota,Bacteroidia,Chitinophagales,Chitinophagaceae,Flavitalea
ASV_75,Bacteria,Proteobacteria,Gammaproteobacteria,Burkholderiales,Comamonadaceae,NA
ASV_76,Bacteria,Proteobacteria,Alphaproteobacteria,Rhizobiales,Rhizobiales Incertae Sedis,Nordella
ASV_77,Bacteria,Planctomycetota,Planctomycetes,Pirellulales,Pirellulaceae,Pir4 lineage
ASV_78,Bacteria,Proteobacteria,Alphaproteobacteria,Acetobacterales,Acetobacteraceae,Belnapia
ASV_79,Bacteria,Actinobacteriota,Actinobacteria,Frankiales,Geodermatophilaceae,Blastococcus
ASV_80,Bacteria,Proteobacteria,Gammaproteobacteria,Burkholderiales,Comamonadaceae,Rhizobacter
ASV_81,Bacteria,Actinobacteriota,Actinobacteria,Micromonosporales,Micromonosporaceae,Micromonospora
ASV_82,Bacteria,Firmicutes,Bacilli,Alicyclobacillales,Alicyclobacillaceae,Tumebacillus
ASV_83,Bacteria,Proteobacteria,Gammaproteobacteria,Pseudomonadales,Moraxellaceae,Acinetobacter
ASV_84,Bacteria,Firmicutes,Bacilli,Paenibacillales,Paenibacillaceae,Paenibacillus
ASV_85,Bacteria,Firmicutes,Bacilli,Bacillales,Planococcaceae,Caryophanon
ASV_86,Bacteria,Proteobacteria,Gammaproteobacteria,Xanthomonadales,Xanthomonadaceae,Stenotrophomonas
ASV_87,Bacteria,Actinobacteriota,Actinobacteria,Micrococcales,Intrasporangiaceae,Terrabacter
ASV_88,Bacteria,Bacteroidota,Bacteroidia,Sphingobacteriales,Sphingobacteriaceae,Pedobacter
ASV_89,Bacteria,Bacteroidota,Bacteroidia,Cytophagales,Spirosomaceae,Dyadobacter
ASV_90,Bacteria,Acidobacteriota,Vicinamibacteria,Subgroup 17,NA,NA
ASV_91,Bacteria,Actinobacteriota,Thermoleophilia,Solirubrobacterales,67-14,NA
ASV_92,Bacteria,Acidobacteriota,Acidobacteriae,Bryobacterales,Bryobacteraceae,Bryobacter
ASV_93,Bacteria,Firmicutes,Bacilli,Bacillales,Planococcaceae,NA
ASV_94,Bacteria,Proteobacteria,Alphaproteobacteria,Rhizobiales,Xanthobacteraceae,NA
ASV_95,Bacteria,Chloroflexi,Anaerolineae,Anaerolineales,Anaerolineaceae,UTCFX1
ASV_96,Bacteria,Bacteroidota,Bacteroidia,Chitinophagales,Chitinophagaceae,Flavisolibacter
ASV_97,Bacteria,Proteobacteria,Gammaproteobacteria,Gammaproteobacteria Incertae Sedis,Unknown Family,Acidibacter
ASV_98,Bacteria,Actinobacteriota,Actinobacteria,Streptomycetales,Streptomycetaceae,Streptomyces
ASV_99,Bacteria,Myxococcota,Polyangia,Polyangiales,BIrii41,NA
ASV_100,Bacteria,Actinobacteriota,Actinobacteria,Micrococcales,Cellulomonadaceae,Cellulomonas
ASV_101,Bacteria,Proteobacteria,Alphaproteobacteria,Rhizobiales,Xanthobacteraceae,Bradyrhizobium
ASV_102,Bacteria,Acidobacteriota,Vicinamibacteria,Vicinamibacterales,NA,NA
ASV_103,Bacteria,Proteobacteria,Alphaproteobacteria,Sphingomonadales,Sphingomonadaceae,Sphingomonas
ASV_104,Bacteria,Proteobacteria,Gammaproteobacteria,Burkholderiales,Comamonadaceae,Ramlibacter
ASV_105,Bacteria,Proteobacteria,Gammaproteobacteria,Burkholderiales,Comamonadaceae,Comamonas
ASV_106,Bacteria,Actinobacteriota,Thermoleophilia,Gaiellales,Gaiellaceae,Gaiella
ASV_107,Bacteria,Actinobacteriota,Actinobacteria,Propionibacteriales,Nocardioidaceae,Nocardioides
ASV_108,Bacteria,Proteobacteria,Gammaproteobacteria,Enterobacterales,Erwiniaceae,Pantoea
ASV_109,Bacteria,Proteobacteria,Alphaproteobacteria,Rhizobiales,Xanthobacteraceae,NA
ASV_110,Bacteria,Acidobacteriota,Vicinamibacteria,Vicinamibacterales,Vicinamibacteraceae,NA
ASV_111,Bacteria,Proteobacteria,Gammaproteobacteria,Steroidobacterales,Steroidobacteraceae,Povalibacter
ASV_112,Bacteria,Acidobacteriota,Holophagae,Subgroup 7,NA,NA
ASV_113,Bacteria,Proteobacteria,Gammaproteobacteria,Xanthomonadales,Xanthomonadaceae,Arenimonas
ASV_114,Bacteria,Actinobacteriota,Actinobacteria,Corynebacteriales,Mycobacteriaceae,Mycobacterium
ASV_115,Bacteria,Bacteroidota,Bacteroidia,Flavobacteriales,Flavobacteriaceae,Flavobacterium
ASV_116,Bacteria,Actinobacteriota,Actinobacteria,Micrococcales,Microbacteriaceae,Microbacterium
ASV_117,Bacteria,Planctomycetota,Planctomycetes,Pirellulales,Pirellulaceae,Pir4 lineage
ASV_118,Archaea,Crenarchaeota,Nitrososphaeria,Nitrososphaerales,Nitrososphaeraceae,NA
ASV_119,Bacteria,Planctomycetota,Planctomycetes,Isosphaerales,Isosphaeraceae,Singulisphaera
ASV_120,Archaea,Crenarchaeota,Nitrososphaeria,Nitrososphaerales,Nitrososphaeraceae,NA
ASV_121,Bacteria,Acidobacteriota,Blastocatellia,Blastocatellales,Blastocatellaceae,NA
ASV_122,Bacteria,Bacteroidota,Bacteroidia,Cytophagales,Hymenobacteraceae,Adhaeribacter
ASV_123,Bacteria,Acidobacteriota,Vicinamibacteria,Vicinamibacterales,Vicinamibacteraceae,NA
ASV_124,Bacteria,Bacteroidota,Bacteroidia,Flavobacteriales,Flavobacteriaceae,Flavobacterium
ASV_125,Bacteria,Acidobacteriota,Acidobacteriae,Bryobacterales,Bryobacteraceae,Bryobacter
ASV_126,Bacteria,Cyanobacteria,Cyanobacteriia,Chloroplast,NA,NA
ASV_127,Bacteria,Actinobacteriota,Thermoleophilia,Solirubrobacterales,Solirubrobacteraceae,Solirubrobacter
ASV_128,Bacteria,Proteobacteria,Gammaproteobacteria,Pseudomonadales,Pseudomonadaceae,Pseudomonas
ASV_129,Bacteria,Proteobacteria,Gammaproteobacteria,Burkholderiales,Oxalobacteraceae,Massilia
ASV_130,Bacteria,Proteobacteria,Gammaproteobacteria,Pseudomonadales,Pseudomonadaceae,Pseudomonas
ASV_131,Bacteria,Verrucomicrobiota,Verrucomicrobiae,Chthoniobacterales,Chthoniobacteraceae,Candidatus Udaeobacter
ASV_132,Bacteria,Acidobacteriota,Acidobacteriae,Bryobacterales,Bryobacteraceae,Bryobacter
ASV_133,Bacteria,Actinobacteriota,Actinobacteria,Streptomycetales,Streptomycetaceae,Streptomyces
ASV_134,Bacteria,Proteobacteria,Alphaproteobacteria,Rhizobiales,Beijerinckiaceae,Microvirga
ASV_135,Bacteria,Proteobacteria,Alphaproteobacteria,Rhizobiales,Hyphomicrobiaceae,Pedomicrobium
ASV_136,Bacteria,Acidobacteriota,Blastocatellia,Pyrinomonadales,Pyrinomonadaceae,RB41
ASV_137,Bacteria,Actinobacteriota,Actinobacteria,Streptomycetales,Streptomycetaceae,Streptomyces
ASV_138,Bacteria,Proteobacteria,Gammaproteobacteria,Gammaproteobacteria Incertae Sedis,Unknown Family,Acidibacter
ASV_139,Bacteria,Actinobacteriota,Actinobacteria,Propionibacteriales,Nocardioidaceae,Nocardioides
ASV_140,Bacteria,Proteobacteria,Alphaproteobacteria,Rhizobiales,Rhizobiaceae,Ensifer
ASV_141,Bacteria,Acidobacteriota,Thermoanaerobaculia,Thermoanaerobaculales,Thermoanaerobaculaceae,Subgroup 10
ASV_142,Bacteria,Actinobacteriota,Actinobacteria,Propionibacteriales,Nocardioidaceae,Nocardioides
ASV_143,Bacteria,Proteobacteria,Alphaproteobacteria,Acetobacterales,Acetobacteraceae,NA
ASV_144,Bacteria,Planctomycetota,Planctomycetes,Pirellulales,Pirellulaceae,Pir4 lineage
ASV_145,Bacteria,Actinobacteriota,Actinobacteria,Micrococcales,Microbacteriaceae,Curtobacterium
ASV_146,Bacteria,Proteobacteria,Gammaproteobacteria,Burkholderiales,Alcaligenaceae,Achromobacter
ASV_147,Bacteria,Proteobacteria,Gammaproteobacteria,Pseudomonadales,Pseudomonadaceae,Pseudomonas
ASV_148,Bacteria,Firmicutes,Bacilli,Bacillales,Planococcaceae,NA
ASV_149,Bacteria,Proteobacteria,Gammaproteobacteria,Pseudomonadales,Moraxellaceae,Acinetobacter
ASV_150,Bacteria,Firmicutes,Bacilli,Paenibacillales,Paenibacillaceae,Paenibacillus
ASV_151,Bacteria,Firmicutes,Bacilli,Paenibacillales,Paenibacillaceae,Paenibacillus
ASV_152,Bacteria,Firmicutes,Symbiobacteriia,Symbiobacteriales,Symbiobacteraceae,NA
ASV_153,Bacteria,Verrucomicrobiota,Verrucomicrobiae,Chthoniobacterales,Chthoniobacteraceae,Candidatus Udaeobacter
ASV_154,Bacteria,Acidobacteriota,Acidobacteriae,Acidobacteriales,NA,NA
ASV_155,Bacteria,Proteobacteria,Gammaproteobacteria,Burkholderiales,Comamonadaceae,Variovorax
ASV_156,Bacteria,Proteobacteria,Alphaproteobacteria,Rhizobiales,Beijerinckiaceae,Microvirga
ASV_157,Bacteria,Firmicutes,Bacilli,Paenibacillales,Paenibacillaceae,Paenibacillus
ASV_158,Bacteria,Planctomycetota,Planctomycetes,Isosphaerales,Isosphaeraceae,Tundrisphaera
ASV_159,Bacteria,Proteobacteria,Alphaproteobacteria,Rhizobiales,Devosiaceae,Devosia
ASV_160,Bacteria,Actinobacteriota,Thermoleophilia,Solirubrobacterales,67-14,NA
ASV_161,Bacteria,Myxococcota,Myxococcia,Myxococcales,Myxococcaceae,NA
ASV_162,Bacteria,Acidobacteriota,Acidobacteriae,Bryobacterales,Bryobacteraceae,Bryobacter
ASV_163,Bacteria,Planctomycetota,Planctomycetes,Planctomycetales,Rubinisphaeraceae,SH-PL14
ASV_164,Bacteria,Acidobacteriota,Vicinamibacteria,Vicinamibacterales,NA,NA
ASV_165,Bacteria,Proteobacteria,Gammaproteobacteria,CCD24,NA,NA
ASV_166,Bacteria,Proteobacteria,Gammaproteobacteria,Burkholderiales,Comamonadaceae,Ideonella
ASV_167,Bacteria,Proteobacteria,Alphaproteobacteria,Caulobacterales,Caulobacteraceae,Caulobacter
ASV_168,Bacteria,Actinobacteriota,Actinobacteria,Micrococcales,Microbacteriaceae,Microbacterium
ASV_169,Bacteria,Acidobacteriota,Vicinamibacteria,Vicinamibacterales,NA,NA
ASV_170,Bacteria,Acidobacteriota,Acidobacteriae,Bryobacterales,Bryobacteraceae,Bryobacter
ASV_171,Bacteria,Proteobacteria,Alphaproteobacteria,Rhizobiales,Devosiaceae,Devosia
ASV_172,Bacteria,Bacteroidota,Bacteroidia,Flavobacteriales,Flavobacteriaceae,Flavobacterium
ASV_173,Bacteria,Proteobacteria,Gammaproteobacteria,Pseudomonadales,Pseudomonadaceae,Pseudomonas
ASV_174,Bacteria,Proteobacteria,Alphaproteobacteria,Rhizobiales,Beijerinckiaceae,NA
ASV_175,Bacteria,Proteobacteria,Alphaproteobacteria,Rhizobiales,Devosiaceae,Devosia
ASV_176,Bacteria,Firmicutes,Bacilli,Paenibacillales,Paenibacillaceae,Paenibacillus
ASV_177,Bacteria,Proteobacteria,Gammaproteobacteria,Pseudomonadales,Moraxellaceae,Acinetobacter
ASV_178,Bacteria,Proteobacteria,Alphaproteobacteria,Sphingomonadales,Sphingomonadaceae,Sphingomonas
ASV_179,Bacteria,Actinobacteriota,Actinobacteria,Micrococcales,Micrococcaceae,Arthrobacter
ASV_180,Bacteria,Actinobacteriota,Actinobacteria,Propionibacteriales,Nocardioidaceae,Nocardioides
ASV_181,Bacteria,Actinobacteriota,Actinobacteria,Pseudonocardiales,Pseudonocardiaceae,Pseudonocardia
ASV_182,Bacteria,Verrucomicrobiota,Verrucomicrobiae,Chthoniobacterales,Chthoniobacteraceae,Candidatus Udaeobacter
ASV_183,Bacteria,Actinobacteriota,Actinobacteria,Pseudonocardiales,Pseudonocardiaceae,Pseudonocardia
ASV_184,Bacteria,Actinobacteriota,Actinobacteria,Corynebacteriales,Mycobacteriaceae,Mycobacterium
ASV_185,Bacteria,Proteobacteria,Gammaproteobacteria,Burkholderiales,Nitrosomonadaceae,MND1
ASV_186,Bacteria,Proteobacteria,Alphaproteobacteria,Rhizobiales,Xanthobacteraceae,NA
ASV_187,Bacteria,Firmicutes,Bacilli,Bacillales,Planococcaceae,NA
ASV_188,Bacteria,Acidobacteriota,Vicinamibacteria,Vicinamibacterales,NA,NA
ASV_189,Bacteria,Acidobacteriota,Vicinamibacteria,Vicinamibacterales,NA,NA
ASV_190,Bacteria,Proteobacteria,Alphaproteobacteria,Acetobacterales,Acetobacteraceae,NA
ASV_191,Bacteria,Acidobacteriota,Vicinamibacteria,Vicinamibacterales,Vicinamibacteraceae,NA
ASV_192,Bacteria,RCP2-54,NA,NA,NA,NA
ASV_193,Bacteria,Acidobacteriota,Vicinamibacteria,Vicinamibacterales,NA,NA
ASV_194,Bacteria,Actinobacteriota,Actinobacteria,Micromonosporales,Micromonosporaceae,Micromonospora
ASV_195,Bacteria,Planctomycetota,Planctomycetes,Isosphaerales,Isosphaeraceae,Aquisphaera
ASV_196,Bacteria,Acidobacteriota,Vicinamibacteria,Vicinamibacterales,NA,NA
ASV_197,Bacteria,Bacteroidota,Bacteroidia,Cytophagales,Microscillaceae,NA
ASV_198,Bacteria,Proteobacteria,Alphaproteobacteria,Rhizobiales,Xanthobacteraceae,NA
ASV_199,Bacteria,Acidobacteriota,Acidobacteriae,Bryobacterales,Bryobacteraceae,Bryobacter
ASV_200,Bacteria,Firmicutes,Symbiobacteriia,Symbiobacteriales,Symbiobacteraceae,NA
ASV_201,Bacteria,Proteobacteria,Alphaproteobacteria,Caulobacterales,Caulobacteraceae,Phenylobacterium
ASV_202,Bacteria,Methylomirabilota,Methylomirabilia,Rokubacteriales,NA,NA
ASV_203,Bacteria,Actinobacteriota,Actinobacteria,Micrococcales,Micrococcaceae,NA
ASV_204,Bacteria,Acidobacteriota,Vicinamibacteria,Vicinamibacterales,NA,NA
ASV_205,Bacteria,Firmicutes,Bacilli,Paenibacillales,Paenibacillaceae,Paenibacillus
ASV_206,Bacteria,Actinobacteriota,Actinobacteria,Frankiales,Geodermatophilaceae,Geodermatophilus
ASV_207,Bacteria,Proteobacteria,Gammaproteobacteria,Burkholderiales,Comamonadaceae,Ramlibacter
ASV_208,Bacteria,Verrucomicrobiota,Verrucomicrobiae,Chthoniobacterales,Chthoniobacteraceae,Candidatus Udaeobacter
ASV_209,Bacteria,Gemmatimonadota,Longimicrobia,Longimicrobiales,Longimicrobiaceae,Longimicrobium
ASV_210,Bacteria,Firmicutes,Bacilli,Paenibacillales,Paenibacillaceae,Cohnella
ASV_211,Bacteria,Actinobacteriota,Thermoleophilia,Solirubrobacterales,67-14,NA
ASV_212,Bacteria,Firmicutes,Bacilli,Alicyclobacillales,Alicyclobacillaceae,Tumebacillus
ASV_213,Bacteria,Cyanobacteria,Cyanobacteriia,Chloroplast,NA,NA
ASV_214,Bacteria,Planctomycetota,Planctomycetes,Pirellulales,Pirellulaceae,Pirellula
ASV_215,Bacteria,Firmicutes,Bacilli,Bacillales,Bacillaceae,Bacillus
ASV_216,Bacteria,Proteobacteria,Gammaproteobacteria,Burkholderiales,Oxalobacteraceae,Massilia
ASV_217,Bacteria,Firmicutes,Bacilli,Bacillales,Planococcaceae,Paenisporosarcina
ASV_218,Bacteria,Bacteroidota,Bacteroidia,Flavobacteriales,Flavobacteriaceae,Flavobacterium
ASV_219,Bacteria,Bacteroidota,Bacteroidia,Sphingobacteriales,Sphingobacteriaceae,Sphingobacterium
ASV_220,Bacteria,Proteobacteria,Alphaproteobacteria,Caulobacterales,Caulobacteraceae,Brevundimonas
ASV_221,Bacteria,Actinobacteriota,Actinobacteria,Micromonosporales,Micromonosporaceae,Micromonospora
ASV_222,Bacteria,Bacteroidota,Bacteroidia,Sphingobacteriales,Sphingobacteriaceae,Pedobacter
ASV_223,Bacteria,Actinobacteriota,Thermoleophilia,Solirubrobacterales,67-14,NA
ASV_224,Bacteria,Proteobacteria,Alphaproteobacteria,Reyranellales,Reyranellaceae,Reyranella
ASV_225,Bacteria,Actinobacteriota,Actinobacteria,Micromonosporales,Micromonosporaceae,Catellatospora
ASV_226,Bacteria,Actinobacteriota,Actinobacteria,Micrococcales,Micrococcaceae,Pseudarthrobacter
ASV_227,Bacteria,Proteobacteria,Gammaproteobacteria,Pseudomonadales,Moraxellaceae,Acinetobacter
ASV_228,Bacteria,Entotheonellaeota,Entotheonellia,Entotheonellales,Entotheonellaceae,NA
ASV_229,Bacteria,Sumerlaeota,Sumerlaeia,Sumerlaeales,Sumerlaeaceae,Sumerlaea
ASV_230,Bacteria,Proteobacteria,Gammaproteobacteria,R7C24,NA,NA
ASV_231,Bacteria,Acidobacteriota,Vicinamibacteria,Vicinamibacterales,NA,NA
ASV_232,Bacteria,Acidobacteriota,Vicinamibacteria,Vicinamibacterales,NA,NA
ASV_233,Bacteria,Firmicutes,Bacilli,Bacillales,Planococcaceae,Lysinibacillus
ASV_234,Bacteria,Planctomycetota,Planctomycetes,Gemmatales,Gemmataceae,Gemmata
ASV_235,Bacteria,Proteobacteria,Gammaproteobacteria,Xanthomonadales,Xanthomonadaceae,Stenotrophomonas
ASV_236,Bacteria,Proteobacteria,Alphaproteobacteria,Sphingomonadales,Sphingomonadaceae,Sphingomonas
ASV_237,Archaea,Crenarchaeota,Nitrososphaeria,Nitrososphaerales,Nitrososphaeraceae,NA
ASV_238,Bacteria,Actinobacteriota,Actinobacteria,Pseudonocardiales,Pseudonocardiaceae,Pseudonocardia
ASV_239,Bacteria,Chloroflexi,Chloroflexia,Kallotenuales,AKIW781,NA
ASV_240,Bacteria,Actinobacteriota,Actinobacteria,Corynebacteriales,Mycobacteriaceae,Mycobacterium
ASV_241,Bacteria,Proteobacteria,Gammaproteobacteria,Burkholderiales,Comamonadaceae,Ramlibacter
ASV_242,Bacteria,Chloroflexi,Anaerolineae,Anaerolineales,Anaerolineaceae,UTCFX1
ASV_243,Bacteria,Actinobacteriota,Actinobacteria,Micrococcales,Micrococcaceae,Arthrobacter
ASV_244,Bacteria,Proteobacteria,Alphaproteobacteria,Rhizobiales,Rhizobiaceae,Shinella
ASV_245,Bacteria,Proteobacteria,Gammaproteobacteria,Xanthomonadales,Xanthomonadaceae,Stenotrophomonas
ASV_246,Bacteria,Firmicutes,Bacilli,Bacillales,Planococcaceae,Domibacillus
ASV_247,Bacteria,Proteobacteria,Gammaproteobacteria,Burkholderiales,Oxalobacteraceae,Telluria
ASV_248,Bacteria,Proteobacteria,Alphaproteobacteria,Rhizobiales,Devosiaceae,Devosia
ASV_249,Bacteria,Bacteroidota,Bacteroidia,Flavobacteriales,Flavobacteriaceae,Flavobacterium
ASV_250,Bacteria,Planctomycetota,Planctomycetes,Isosphaerales,Isosphaeraceae,Singulisphaera
ASV_251,Bacteria,Proteobacteria,Gammaproteobacteria,Burkholderiales,Comamonadaceae,Xylophilus
ASV_252,Archaea,Crenarchaeota,Nitrososphaeria,Nitrososphaerales,Nitrososphaeraceae,NA
ASV_253,Bacteria,Proteobacteria,Gammaproteobacteria,Gammaproteobacteria Incertae Sedis,Unknown Family,Acidibacter
ASV_254,Bacteria,Actinobacteriota,Actinobacteria,Frankiales,Geodermatophilaceae,NA
ASV_255,Bacteria,Chloroflexi,Chloroflexia,Thermomicrobiales,JG30-KF-CM45,NA
ASV_256,Bacteria,Bacteroidota,Bacteroidia,Chitinophagales,Chitinophagaceae,NA
ASV_257,Bacteria,Proteobacteria,Alphaproteobacteria,Rhizobiales,Devosiaceae,Devosia
ASV_258,Bacteria,Actinobacteriota,Actinobacteria,Propionibacteriales,Nocardioidaceae,Nocardioides
ASV_259,Bacteria,Acidobacteriota,Blastocatellia,Blastocatellales,Blastocatellaceae,NA
ASV_260,Bacteria,Proteobacteria,Gammaproteobacteria,Enterobacterales,Enterobacteriaceae,Lelliottia
ASV_261,Bacteria,Actinobacteriota,Actinobacteria,Micrococcales,Intrasporangiaceae,Lapillicoccus
ASV_262,Bacteria,Actinobacteriota,Actinobacteria,Micromonosporales,Micromonosporaceae,Catellatospora
ASV_263,Bacteria,Firmicutes,Bacilli,Bacillales,Planococcaceae,Lysinibacillus
ASV_264,Bacteria,Bacteroidota,Bacteroidia,Flavobacteriales,Flavobacteriaceae,Flavobacterium
ASV_265,Archaea,Crenarchaeota,Nitrososphaeria,Nitrososphaerales,Nitrososphaeraceae,NA
ASV_266,Bacteria,Verrucomicrobiota,Verrucomicrobiae,Verrucomicrobiales,Rubritaleaceae,Luteolibacter
ASV_267,Bacteria,Proteobacteria,Gammaproteobacteria,Burkholderiales,SC-I-84,NA
ASV_268,Bacteria,Planctomycetota,Planctomycetes,Pirellulales,Pirellulaceae,Pir4 lineage
ASV_269,Archaea,Crenarchaeota,Nitrososphaeria,Nitrososphaerales,Nitrososphaeraceae,NA
ASV_270,Bacteria,Firmicutes,Bacilli,Bacillales,Bacillaceae,Geobacillus
ASV_271,Bacteria,Firmicutes,Bacilli,Bacillales,Bacillaceae,Fictibacillus
ASV_272,Bacteria,Firmicutes,Bacilli,Paenibacillales,Paenibacillaceae,Paenibacillus
ASV_273,Bacteria,Firmicutes,Bacilli,Bacillales,Planococcaceae,NA
ASV_274,Bacteria,Firmicutes,Bacilli,Paenibacillales,Paenibacillaceae,Paenibacillus
ASV_275,Bacteria,Firmicutes,Bacilli,Bacillales,Planococcaceae,Planomicrobium
ASV_276,Bacteria,Actinobacteriota,Actinobacteria,Frankiales,Geodermatophilaceae,Blastococcus
ASV_277,Bacteria,Proteobacteria,Gammaproteobacteria,Burkholderiales,Oxalobacteraceae,Massilia
ASV_278,Archaea,Crenarchaeota,Nitrososphaeria,Nitrososphaerales,Nitrososphaeraceae,NA
ASV_279,Bacteria,Firmicutes,Bacilli,Bacillales,Planococcaceae,NA
ASV_280,Bacteria,Proteobacteria,Alphaproteobacteria,Sphingomonadales,Sphingomonadaceae,NA
ASV_281,Bacteria,Firmicutes,Bacilli,Bacillales,Planococcaceae,NA
ASV_282,Bacteria,Firmicutes,Bacilli,Bacillales,Bacillaceae,Bacillus
ASV_283,Bacteria,Firmicutes,Bacilli,Paenibacillales,Paenibacillaceae,Paenibacillus
ASV_284,Bacteria,Proteobacteria,Gammaproteobacteria,Burkholderiales,Oxalobacteraceae,Janthinobacterium
ASV_285,Bacteria,Bacteroidota,Bacteroidia,Cytophagales,Hymenobacteraceae,Rufibacter
ASV_286,Bacteria,Latescibacterota,NA,NA,NA,NA
ASV_287,Bacteria,Firmicutes,Bacilli,Bacillales,Planococcaceae,NA
ASV_288,Bacteria,Verrucomicrobiota,Verrucomicrobiae,Pedosphaerales,Pedosphaeraceae,NA
ASV_289,Bacteria,Proteobacteria,Alphaproteobacteria,Rhizobiales,Xanthobacteraceae,NA
ASV_290,Bacteria,Proteobacteria,Gammaproteobacteria,Burkholderiales,Oxalobacteraceae,Massilia
ASV_291,Bacteria,Proteobacteria,Alphaproteobacteria,Tistrellales,Geminicoccaceae,Candidatus Alysiosphaera
ASV_292,Bacteria,Proteobacteria,Alphaproteobacteria,Sphingomonadales,Sphingomonadaceae,Sphingomonas
ASV_293,Bacteria,Acidobacteriota,Thermoanaerobaculia,Thermoanaerobaculales,Thermoanaerobaculaceae,Subgroup 10
ASV_294,Bacteria,Actinobacteriota,Actinobacteria,Propionibacteriales,Nocardioidaceae,Marmoricola
ASV_295,Bacteria,Acidobacteriota,Vicinamibacteria,Vicinamibacterales,Vicinamibacteraceae,NA
ASV_296,Bacteria,Bacteroidota,Bacteroidia,Chitinophagales,Chitinophagaceae,Flavitalea
ASV_297,Bacteria,Verrucomicrobiota,Verrucomicrobiae,Chthoniobacterales,Xiphinematobacteraceae,Candidatus Xiphinematobacter
ASV_298,Bacteria,Proteobacteria,Alphaproteobacteria,Sphingomonadales,Sphingomonadaceae,Sphingomonas
ASV_299,Bacteria,Firmicutes,Bacilli,Paenibacillales,Paenibacillaceae,Paenibacillus
ASV_300,Bacteria,Firmicutes,Bacilli,Bacillales,Bacillaceae,Anaerobacillus
ASV_301,Bacteria,Acidobacteriota,Vicinamibacteria,Vicinamibacterales,NA,NA
ASV_302,Bacteria,Actinobacteriota,Actinobacteria,Propionibacteriales,Nocardioidaceae,Nocardioides
ASV_303,Bacteria,Firmicutes,Bacilli,Bacillales,NA,NA
ASV_304,Bacteria,Bacteroidota,Bacteroidia,Sphingobacteriales,Sphingobacteriaceae,Sphingobacterium
ASV_305,Bacteria,Bacteroidota,Bacteroidia,Flavobacteriales,Flavobacteriaceae,Flavobacterium
ASV_306,Bacteria,Actinobacteriota,Actinobacteria,Frankiales,Geodermatophilaceae,Blastococcus
ASV_307,Bacteria,Proteobacteria,Alphaproteobacteria,Caulobacterales,Caulobacteraceae,Brevundimonas
ASV_308,Bacteria,Bacteroidota,Bacteroidia,Chitinophagales,Chitinophagaceae,Cnuella
ASV_309,Bacteria,Firmicutes,Bacilli,Bacillales,Planococcaceae,Lysinibacillus
ASV_310,Bacteria,Actinobacteriota,Actinobacteria,Streptomycetales,Streptomycetaceae,Streptomyces
ASV_311,Bacteria,Proteobacteria,Gammaproteobacteria,Pseudomonadales,Pseudomonadaceae,Pseudomonas
ASV_312,Bacteria,Proteobacteria,Alphaproteobacteria,Rhizobiales,Rhizobiaceae,Allorhizobium-Neorhizobium-Pararhizobium-Rhizobium
ASV_313,Bacteria,Proteobacteria,Gammaproteobacteria,Burkholderiales,Comamonadaceae,NA
ASV_314,Bacteria,Actinobacteriota,Actinobacteria,NA,NA,NA
ASV_315,Bacteria,Acidobacteriota,Acidobacteriae,Acidobacteriales,NA,NA
ASV_316,Bacteria,Acidobacteriota,Vicinamibacteria,Vicinamibacterales,Vicinamibacteraceae,NA
ASV_317,Bacteria,Actinobacteriota,Actinobacteria,Frankiales,Geodermatophilaceae,Blastococcus
ASV_318,Bacteria,Proteobacteria,Gammaproteobacteria,Xanthomonadales,Xanthomonadaceae,Lysobacter
ASV_319,Bacteria,Proteobacteria,Alphaproteobacteria,Sphingomonadales,Sphingomonadaceae,Ellin6055
ASV_320,Bacteria,Actinobacteriota,Thermoleophilia,Gaiellales,Gaiellaceae,Gaiella
ASV_321,Bacteria,Verrucomicrobiota,Verrucomicrobiae,Chthoniobacterales,Chthoniobacteraceae,Candidatus Udaeobacter
ASV_322,Bacteria,Firmicutes,Bacilli,Bacillales,Planococcaceae,NA
ASV_323,Bacteria,Firmicutes,Bacilli,Bacillales,Planococcaceae,Paenisporosarcina
ASV_324,Bacteria,Actinobacteriota,Actinobacteria,Micrococcales,Intrasporangiaceae,Pedococcus-Phycicoccus
ASV_325,Bacteria,Firmicutes,Bacilli,Bacillales,Bacillaceae,Bacillus
ASV_326,Bacteria,Proteobacteria,Alphaproteobacteria,Rhizobiales,Beijerinckiaceae,Microvirga
ASV_327,Bacteria,Acidobacteriota,Vicinamibacteria,Vicinamibacterales,NA,NA
ASV_328,Bacteria,Actinobacteriota,Actinobacteria,Frankiales,Sporichthyaceae,NA
ASV_329,Bacteria,Proteobacteria,Alphaproteobacteria,Rhizobiales,Xanthobacteraceae,NA
ASV_330,Bacteria,Verrucomicrobiota,Verrucomicrobiae,Chthoniobacterales,Chthoniobacteraceae,Candidatus Udaeobacter
ASV_331,Bacteria,Proteobacteria,Gammaproteobacteria,Burkholderiales,Comamonadaceae,Rhizobacter
ASV_332,Bacteria,Acidobacteriota,Thermoanaerobaculia,Thermoanaerobaculales,Thermoanaerobaculaceae,Subgroup 10
ASV_333,Bacteria,Bacteroidota,Bacteroidia,Cytophagales,Microscillaceae,NA
ASV_334,Bacteria,Proteobacteria,Alphaproteobacteria,Rhizobiales,Devosiaceae,NA
ASV_335,Bacteria,Actinobacteriota,Actinobacteria,Frankiales,Geodermatophilaceae,Geodermatophilus
ASV_336,Bacteria,Acidobacteriota,Vicinamibacteria,Vicinamibacterales,NA,NA
ASV_337,Bacteria,Acidobacteriota,Blastocatellia,Pyrinomonadales,Pyrinomonadaceae,RB41
ASV_338,Bacteria,Proteobacteria,Alphaproteobacteria,Acetobacterales,Acetobacteraceae,NA
ASV_339,Bacteria,Proteobacteria,Gammaproteobacteria,Enterobacterales,Erwiniaceae,NA
ASV_340,Bacteria,Proteobacteria,Gammaproteobacteria,Burkholderiales,Alcaligenaceae,Pigmentiphaga
ASV_341,Bacteria,Acidobacteriota,Vicinamibacteria,Vicinamibacterales,NA,NA
ASV_342,Bacteria,Proteobacteria,Alphaproteobacteria,Sphingomonadales,Sphingomonadaceae,Sphingomonas
ASV_343,Bacteria,Proteobacteria,Gammaproteobacteria,Xanthomonadales,Xanthomonadaceae,Thermomonas
ASV_344,Bacteria,Proteobacteria,Alphaproteobacteria,Azospirillales,Azospirillaceae,Skermanella
ASV_345,Bacteria,Actinobacteriota,Thermoleophilia,Solirubrobacterales,Solirubrobacteraceae,Solirubrobacter
ASV_346,Bacteria,Proteobacteria,Alphaproteobacteria,Rhizobiales,Beijerinckiaceae,Microvirga
ASV_347,Bacteria,Proteobacteria,Gammaproteobacteria,Pseudomonadales,Moraxellaceae,Acinetobacter
ASV_348,Bacteria,Firmicutes,Bacilli,Bacillales,Planococcaceae,Domibacillus
ASV_349,Bacteria,Firmicutes,Bacilli,Bacillales,Planococcaceae,Psychrobacillus
ASV_350,Bacteria,Firmicutes,Bacilli,Bacillales,Bacillaceae,Bacillus
ASV_351,Bacteria,Firmicutes,Bacilli,Bacillales,Planococcaceae,NA
ASV_352,Bacteria,Proteobacteria,Gammaproteobacteria,Burkholderiales,Comamonadaceae,NA
ASV_353,Bacteria,Firmicutes,Symbiobacteriia,Symbiobacteriales,Symbiobacteraceae,NA
ASV_354,Bacteria,Actinobacteriota,Actinobacteria,Micrococcales,Microbacteriaceae,Microbacterium
ASV_355,Bacteria,Proteobacteria,Alphaproteobacteria,Azospirillales,Azospirillaceae,Skermanella
ASV_356,Bacteria,Proteobacteria,Alphaproteobacteria,Sphingomonadales,Sphingomonadaceae,Ellin6055
ASV_357,Bacteria,Proteobacteria,Alphaproteobacteria,Sphingomonadales,Sphingomonadaceae,Sphingomonas
ASV_358,Bacteria,Bacteroidota,Bacteroidia,Flavobacteriales,Flavobacteriaceae,Flavobacterium
ASV_359,Bacteria,Actinobacteriota,Actinobacteria,Micrococcales,Micrococcaceae,NA
ASV_360,Bacteria,Chloroflexi,Chloroflexia,Thermomicrobiales,JG30-KF-CM45,NA
ASV_361,Bacteria,Actinobacteriota,Actinobacteria,Micrococcales,Micrococcaceae,Arthrobacter
ASV_362,Bacteria,Proteobacteria,Gammaproteobacteria,Burkholderiales,Nitrosomonadaceae,mle1-7
ASV_363,Bacteria,Planctomycetota,OM190,NA,NA,NA
ASV_364,Bacteria,Chloroflexi,Chloroflexia,Thermomicrobiales,JG30-KF-CM45,NA
ASV_365,Bacteria,Acidobacteriota,Vicinamibacteria,Vicinamibacterales,Vicinamibacteraceae,NA
ASV_366,Bacteria,Firmicutes,Bacilli,Paenibacillales,Paenibacillaceae,Paenibacillus
ASV_367,Bacteria,Bacteroidota,Bacteroidia,Flavobacteriales,Flavobacteriaceae,Flavobacterium
ASV_368,Bacteria,Acidobacteriota,Vicinamibacteria,Vicinamibacterales,NA,NA
ASV_369,Bacteria,Proteobacteria,Gammaproteobacteria,Xanthomonadales,Xanthomonadaceae,Lysobacter
ASV_370,Bacteria,Planctomycetota,Planctomycetes,Pirellulales,Pirellulaceae,Pir4 lineage
ASV_371,Bacteria,Proteobacteria,Alphaproteobacteria,Rhizobiales,Rhizobiaceae,Allorhizobium-Neorhizobium-Pararhizobium-Rhizobium
ASV_372,Bacteria,Proteobacteria,Alphaproteobacteria,Rhizobiales,Xanthobacteraceae,NA
ASV_373,Bacteria,Actinobacteriota,Thermoleophilia,Solirubrobacterales,Solirubrobacteraceae,Solirubrobacter
ASV_374,Archaea,Crenarchaeota,Nitrososphaeria,Nitrososphaerales,Nitrososphaeraceae,Candidatus Nitrocosmicus
ASV_375,Bacteria,Proteobacteria,Alphaproteobacteria,Sphingomonadales,Sphingomonadaceae,Sphingomonas
ASV_376,Bacteria,Actinobacteriota,Actinobacteria,Micromonosporales,Micromonosporaceae,NA
ASV_377,Bacteria,Acidobacteriota,Vicinamibacteria,Vicinamibacterales,NA,NA
ASV_378,Bacteria,Actinobacteriota,Actinobacteria,Micromonosporales,Micromonosporaceae,NA
ASV_379,Bacteria,Firmicutes,Bacilli,Bacillales,Bacillaceae,Bacillus
ASV_380,Bacteria,Actinobacteriota,Actinobacteria,Frankiales,Geodermatophilaceae,Blastococcus
ASV_381,Bacteria,Actinobacteriota,Actinobacteria,Frankiales,Geodermatophilaceae,Blastococcus
ASV_382,Archaea,Crenarchaeota,Nitrososphaeria,Nitrososphaerales,Nitrososphaeraceae,NA
ASV_383,Bacteria,Proteobacteria,Alphaproteobacteria,Rhizobiales,Beijerinckiaceae,NA
ASV_384,Bacteria,Firmicutes,Bacilli,Bacillales,Planococcaceae,NA
ASV_385,Bacteria,Firmicutes,Bacilli,Bacillales,Planococcaceae,Planomicrobium
ASV_386,Bacteria,Firmicutes,Bacilli,Paenibacillales,Paenibacillaceae,Cohnella
ASV_387,Bacteria,Firmicutes,Bacilli,Paenibacillales,Paenibacillaceae,Paenibacillus
ASV_388,Bacteria,Firmicutes,Bacilli,Paenibacillales,Paenibacillaceae,Paenibacillus
ASV_389,Bacteria,Firmicutes,Bacilli,Paenibacillales,Paenibacillaceae,Paenibacillus
ASV_390,Bacteria,Firmicutes,Symbiobacteriia,Symbiobacteriales,Symbiobacteraceae,NA
ASV_391,Bacteria,Firmicutes,Bacilli,Paenibacillales,Paenibacillaceae,Paenibacillus
ASV_392,Bacteria,Proteobacteria,Gammaproteobacteria,Pseudomonadales,Moraxellaceae,Acinetobacter
ASV_393,Bacteria,Proteobacteria,Alphaproteobacteria,Rhizobiales,Rhizobiaceae,Shinella
ASV_394,Bacteria,Firmicutes,Bacilli,Bacillales,Planococcaceae,NA
ASV_395,Bacteria,Proteobacteria,Alphaproteobacteria,Sphingomonadales,Sphingomonadaceae,Ellin6055
ASV_396,Bacteria,Chloroflexi,Chloroflexia,Thermomicrobiales,JG30-KF-CM45,NA
ASV_397,Bacteria,Acidobacteriota,Vicinamibacteria,Vicinamibacterales,NA,NA
ASV_398,Archaea,Crenarchaeota,Nitrososphaeria,Nitrososphaerales,Nitrososphaeraceae,NA
ASV_399,Bacteria,Proteobacteria,Alphaproteobacteria,Sphingomonadales,Sphingomonadaceae,NA
ASV_400,Bacteria,Firmicutes,Bacilli,Bacillales,Bacillaceae,Bacillus
ASV_401,Bacteria,Acidobacteriota,Thermoanaerobaculia,Thermoanaerobaculales,Thermoanaerobaculaceae,Subgroup 10
ASV_402,Bacteria,Actinobacteriota,Actinobacteria,Pseudonocardiales,Pseudonocardiaceae,Pseudonocardia
ASV_403,Bacteria,Actinobacteriota,Actinobacteria,Micromonosporales,Micromonosporaceae,NA
ASV_404,Bacteria,Firmicutes,Bacilli,Bacillales,Planococcaceae,Psychrobacillus
ASV_405,Bacteria,Actinobacteriota,Actinobacteria,Micromonosporales,Micromonosporaceae,Actinoplanes
ASV_406,Bacteria,Acidobacteriota,Vicinamibacteria,Vicinamibacterales,NA,NA
ASV_407,Bacteria,Acidobacteriota,Vicinamibacteria,Vicinamibacterales,NA,NA
ASV_408,Bacteria,Firmicutes,Bacilli,Alicyclobacillales,Alicyclobacillaceae,Tumebacillus
ASV_409,Bacteria,Firmicutes,Bacilli,Alicyclobacillales,Alicyclobacillaceae,Tumebacillus
ASV_410,Bacteria,Planctomycetota,Planctomycetes,Pirellulales,Pirellulaceae,Pirellula
ASV_411,Bacteria,Acidobacteriota,Acidobacteriae,Acidobacteriales,NA,NA
ASV_412,Bacteria,Actinobacteriota,Actinobacteria,Micrococcales,Microbacteriaceae,NA
ASV_413,Bacteria,Proteobacteria,Gammaproteobacteria,Burkholderiales,Comamonadaceae,NA
ASV_414,Bacteria,Actinobacteriota,Actinobacteria,Micrococcales,Micrococcaceae,Arthrobacter
ASV_415,Bacteria,Proteobacteria,Alphaproteobacteria,Rhizobiales,Beijerinckiaceae,Microvirga
ASV_416,Bacteria,Actinobacteriota,Actinobacteria,Micrococcales,Micrococcaceae,NA
ASV_417,Bacteria,Firmicutes,Bacilli,Bacillales,Planococcaceae,NA
ASV_418,Bacteria,Proteobacteria,Gammaproteobacteria,Burkholderiales,Comamonadaceae,NA
ASV_419,Bacteria,Actinobacteriota,Actinobacteria,Streptomycetales,Streptomycetaceae,Streptomyces
ASV_420,Bacteria,Firmicutes,Bacilli,Bacillales,Planococcaceae,Chryseomicrobium
ASV_421,Bacteria,Firmicutes,Bacilli,Alicyclobacillales,Alicyclobacillaceae,Tumebacillus
ASV_422,Bacteria,Actinobacteriota,Actinobacteria,Micrococcales,Micrococcaceae,NA
ASV_423,Bacteria,Actinobacteriota,Actinobacteria,Micrococcales,Micrococcaceae,Arthrobacter
ASV_424,Bacteria,Proteobacteria,Alphaproteobacteria,Rhizobiales,Devosiaceae,NA
ASV_425,Bacteria,Actinobacteriota,Actinobacteria,Micrococcales,Micrococcaceae,Renibacterium
ASV_426,Bacteria,Firmicutes,Bacilli,Bacillales,Planococcaceae,Planococcus
ASV_427,Bacteria,Firmicutes,Bacilli,Bacillales,Bacillaceae,Bacillus
ASV_428,Bacteria,Firmicutes,Bacilli,Bacillales,Bacillaceae,NA
ASV_429,Bacteria,Firmicutes,Symbiobacteriia,Symbiobacteriales,Symbiobacteraceae,NA
ASV_430,Bacteria,Actinobacteriota,Actinobacteria,Micrococcales,Micrococcaceae,Pseudarthrobacter
ASV_431,Bacteria,Proteobacteria,Gammaproteobacteria,Xanthomonadales,Xanthomonadaceae,Stenotrophomonas
ASV_432,Bacteria,Proteobacteria,Alphaproteobacteria,Rhizobiales,Rhizobiaceae,Allorhizobium-Neorhizobium-Pararhizobium-Rhizobium
ASV_433,Bacteria,Proteobacteria,Alphaproteobacteria,Sphingomonadales,Sphingomonadaceae,Sphingomonas
ASV_434,Bacteria,Proteobacteria,Gammaproteobacteria,Burkholderiales,Oxalobacteraceae,Noviherbaspirillum
ASV_435,Bacteria,Proteobacteria,Alphaproteobacteria,Rhizobiales,Xanthobacteraceae,NA
ASV_436,Bacteria,Firmicutes,Bacilli,Bacillales,Planococcaceae,NA
ASV_437,Bacteria,Actinobacteriota,Actinobacteria,Propionibacteriales,Nocardioidaceae,Nocardioides
ASV_438,Bacteria,Proteobacteria,Alphaproteobacteria,Rhizobiales,Devosiaceae,Devosia
ASV_439,Bacteria,Proteobacteria,Gammaproteobacteria,Burkholderiales,Oxalobacteraceae,Telluria
ASV_440,Bacteria,Firmicutes,Bacilli,Bacillales,Planococcaceae,Psychrobacillus
ASV_441,Bacteria,Firmicutes,Bacilli,Bacillales,Bacillaceae,NA
ASV_442,Bacteria,Firmicutes,Bacilli,Paenibacillales,Paenibacillaceae,Paenibacillus
ASV_443,Bacteria,Proteobacteria,Alphaproteobacteria,Caulobacterales,Caulobacteraceae,Brevundimonas
ASV_444,Bacteria,Proteobacteria,Alphaproteobacteria,Caulobacterales,Caulobacteraceae,Brevundimonas
ASV_445,Bacteria,Firmicutes,Bacilli,Bacillales,Planococcaceae,NA
ASV_446,Bacteria,Proteobacteria,Gammaproteobacteria,Burkholderiales,Comamonadaceae,Ideonella
ASV_447,Bacteria,Acidobacteriota,Vicinamibacteria,Vicinamibacterales,NA,NA
ASV_448,Bacteria,Proteobacteria,Alphaproteobacteria,Rhizobiales,Beijerinckiaceae,Methylocella
ASV_449,Bacteria,Actinobacteriota,Thermoleophilia,Solirubrobacterales,Solirubrobacteraceae,Solirubrobacter
ASV_450,Bacteria,Firmicutes,Clostridia,Peptostreptococcales-Tissierellales,Peptostreptococcaceae,NA
ASV_451,Bacteria,Actinobacteriota,Thermoleophilia,Solirubrobacterales,67-14,NA
ASV_452,Bacteria,Chloroflexi,Chloroflexia,Thermomicrobiales,JG30-KF-CM45,NA
ASV_453,Bacteria,Actinobacteriota,Actinobacteria,Propionibacteriales,Nocardioidaceae,Aeromicrobium
ASV_454,Bacteria,Proteobacteria,Gammaproteobacteria,Pseudomonadales,Moraxellaceae,Acinetobacter
ASV_455,Bacteria,Proteobacteria,Gammaproteobacteria,Pseudomonadales,Moraxellaceae,Acinetobacter
ASV_456,Bacteria,Proteobacteria,Alphaproteobacteria,Sphingomonadales,Sphingomonadaceae,NA
ASV_457,Bacteria,Proteobacteria,Gammaproteobacteria,Burkholderiales,Oxalobacteraceae,Noviherbaspirillum
ASV_458,Bacteria,Firmicutes,Bacilli,Bacillales,Bacillaceae,Bacillus
ASV_459,Bacteria,Firmicutes,Bacilli,Bacillales,Bacillaceae,Bacillus
ASV_460,Bacteria,Firmicutes,Bacilli,Bacillales,Planococcaceae,NA
ASV_461,Bacteria,Firmicutes,Bacilli,Bacillales,Bacillaceae,Bacillus
ASV_462,Bacteria,Firmicutes,Bacilli,Bacillales,Bacillaceae,Bacillus
ASV_463,Bacteria,Firmicutes,Bacilli,Bacillales,Planococcaceae,NA
ASV_464,Bacteria,Firmicutes,Bacilli,Bacillales,Planococcaceae,NA
ASV_465,Bacteria,Firmicutes,Bacilli,Bacillales,Planococcaceae,NA
ASV_466,Bacteria,Acidobacteriota,Acidobacteriae,Acidobacteriales,NA,NA
ASV_467,Bacteria,Actinobacteriota,Actinobacteria,Pseudonocardiales,Pseudonocardiaceae,Pseudonocardia
ASV_468,Bacteria,Acidobacteriota,Vicinamibacteria,Vicinamibacterales,NA,NA
ASV_469,Bacteria,Acidobacteriota,Thermoanaerobaculia,Thermoanaerobaculales,Thermoanaerobaculaceae,Subgroup 10
ASV_470,Bacteria,Firmicutes,Bacilli,Bacillales,Bacillaceae,Bacillus
ASV_471,Bacteria,Firmicutes,Bacilli,Bacillales,Planococcaceae,NA
ASV_472,Bacteria,Proteobacteria,Alphaproteobacteria,Rhizobiales,Devosiaceae,Devosia
ASV_473,Bacteria,Firmicutes,Bacilli,Bacillales,Planococcaceae,Paenisporosarcina
ASV_474,Bacteria,Actinobacteriota,Actinobacteria,Micromonosporales,Micromonosporaceae,Dactylosporangium
ASV_475,Bacteria,Firmicutes,Bacilli,Bacillales,Planococcaceae,Chryseomicrobium
ASV_476,Bacteria,Actinobacteriota,Actinobacteria,Pseudonocardiales,Pseudonocardiaceae,Pseudonocardia
ASV_477,Bacteria,Proteobacteria,Gammaproteobacteria,Xanthomonadales,Xanthomonadaceae,Stenotrophomonas
ASV_478,Bacteria,Proteobacteria,Alphaproteobacteria,Rhizobiales,Methyloligellaceae,NA
ASV_479,Bacteria,Actinobacteriota,Actinobacteria,Micrococcales,Micrococcaceae,Arthrobacter
ASV_480,Bacteria,Proteobacteria,Alphaproteobacteria,Sphingomonadales,Sphingomonadaceae,NA
ASV_481,Bacteria,Firmicutes,Bacilli,Bacillales,Planococcaceae,NA
ASV_482,Bacteria,Actinobacteriota,Actinobacteria,Pseudonocardiales,Pseudonocardiaceae,Pseudonocardia
ASV_483,Bacteria,Proteobacteria,Gammaproteobacteria,Burkholderiales,Oxalobacteraceae,Massilia
ASV_484,Bacteria,Firmicutes,Bacilli,Bacillales,Planococcaceae,Planomicrobium
ASV_485,Bacteria,Firmicutes,Bacilli,Paenibacillales,Paenibacillaceae,Paenibacillus
ASV_486,Bacteria,Firmicutes,Bacilli,Paenibacillales,Paenibacillaceae,Paenibacillus
ASV_487,Bacteria,Actinobacteriota,Actinobacteria,Micrococcales,Microbacteriaceae,Microbacterium
ASV_488,Bacteria,Proteobacteria,Gammaproteobacteria,Pseudomonadales,Pseudomonadaceae,Pseudomonas
ASV_489,Bacteria,Proteobacteria,Gammaproteobacteria,Burkholderiales,Oxalobacteraceae,Telluria
ASV_490,Bacteria,Firmicutes,Bacilli,Paenibacillales,Paenibacillaceae,Paenibacillus
ASV_491,Bacteria,Proteobacteria,Alphaproteobacteria,Rhizobiales,Devosiaceae,Devosia
ASV_492,Bacteria,Actinobacteriota,Actinobacteria,Micromonosporales,Micromonosporaceae,NA
ASV_493,Bacteria,Firmicutes,Bacilli,Bacillales,Planococcaceae,NA
ASV_494,Bacteria,Firmicutes,Bacilli,Bacillales,Planococcaceae,NA
ASV_495,Bacteria,Actinobacteriota,Actinobacteria,Frankiales,Geodermatophilaceae,Blastococcus
ASV_496,Bacteria,Firmicutes,Bacilli,Bacillales,Planococcaceae,Caryophanon
ASV_497,Bacteria,Proteobacteria,Alphaproteobacteria,Rhizobiales,Rhizobiales Incertae Sedis,Bauldia
ASV_498,Bacteria,Firmicutes,Bacilli,Bacillales,Planococcaceae,NA
ASV_499,Bacteria,Actinobacteriota,Actinobacteria,Pseudonocardiales,Pseudonocardiaceae,Pseudonocardia
ASV_500,Bacteria,Actinobacteriota,Actinobacteria,Micrococcales,Micrococcaceae,Pseudarthrobacter
ASV_501,Bacteria,Verrucomicrobiota,Verrucomicrobiae,Chthoniobacterales,Chthoniobacteraceae,Candidatus Udaeobacter
ASV_502,Bacteria,Firmicutes,Bacilli,Paenibacillales,Paenibacillaceae,Paenibacillus
ASV_503,Bacteria,Firmicutes,Bacilli,Bacillales,NA,NA
ASV_504,Bacteria,Firmicutes,Bacilli,Bacillales,Planococcaceae,NA
